words,cosines,gold,pred-logistic_regression-default-loo,pred-nearest_neighbors-100-loo,pred-nearest_neighbors-1000-loo,pred-nearest_neighbors-200-loo,pred-nearest_neighbors-300-loo,pred-nearest_neighbors-400-loo,pred-nearest_neighbors-500-loo,pred-nearest_neighbors-600-loo,pred-nearest_neighbors-700-loo,pred-nearest_neighbors-800-loo,pred-nearest_neighbors-900-loo,pred-neural_net_classification-default-ordered-2018-07-04-13-02-47-328868,pred-neural_net_classification-default-reverse-2018-07-05-14:31:24-069647,pred-neural_net_classification-default-shuff-2018-07-05-10:55:14-270309,pred-neural_net_classification-default-shuff-2018-07-05-22:01:55-841390,pred-neural_net_classification-default-shuff-2018-07-11-14:12:01-396676-loo,pred-neural_net_classification-default-shuff-2018-07-13-09:31:42-012923-loo
catalogue,nan,0,OOV,OOV,OOV,OOV,OOV,OOV,OOV,OOV,OOV,OOV,OOV,OOV,OOV,OOV,OOV,OOV,OOV
armour,nan,0,OOV,OOV,OOV,OOV,OOV,OOV,OOV,OOV,OOV,OOV,OOV,OOV,OOV,OOV,OOV,OOV,OOV
spirit_level,nan,0,OOV,OOV,OOV,OOV,OOV,OOV,OOV,OOV,OOV,OOV,OOV,OOV,OOV,OOV,OOV,OOV,OOV
tyre,nan,0,OOV,OOV,OOV,OOV,OOV,OOV,OOV,OOV,OOV,OOV,OOV,OOV,OOV,OOV,OOV,OOV,OOV
aeroplane,nan,0,OOV,OOV,OOV,OOV,OOV,OOV,OOV,OOV,OOV,OOV,OOV,OOV,OOV,OOV,OOV,OOV,OOV
axe,nan,0,OOV,OOV,OOV,OOV,OOV,OOV,OOV,OOV,OOV,OOV,OOV,OOV,OOV,OOV,OOV,OOV,OOV
rolling_pin,nan,0,OOV,OOV,OOV,OOV,OOV,OOV,OOV,OOV,OOV,OOV,OOV,OOV,OOV,OOV,OOV,OOV,OOV
range_rover,nan,0,OOV,OOV,OOV,OOV,OOV,OOV,OOV,OOV,OOV,OOV,OOV,OOV,OOV,OOV,OOV,OOV,OOV
whisky,nan,0,OOV,OOV,OOV,OOV,OOV,OOV,OOV,OOV,OOV,OOV,OOV,OOV,OOV,OOV,OOV,OOV,OOV
pyjamas,nan,0,OOV,OOV,OOV,OOV,OOV,OOV,OOV,OOV,OOV,OOV,OOV,OOV,OOV,OOV,OOV,OOV,OOV
plough,nan,0,OOV,OOV,OOV,OOV,OOV,OOV,OOV,OOV,OOV,OOV,OOV,OOV,OOV,OOV,OOV,OOV,OOV
castenets,nan,0,OOV,OOV,OOV,OOV,OOV,OOV,OOV,OOV,OOV,OOV,OOV,OOV,OOV,OOV,OOV,OOV,OOV
oil_tanker,nan,0,OOV,OOV,OOV,OOV,OOV,OOV,OOV,OOV,OOV,OOV,OOV,OOV,OOV,OOV,OOV,OOV,OOV
land_rover,nan,0,OOV,OOV,OOV,OOV,OOV,OOV,OOV,OOV,OOV,OOV,OOV,OOV,OOV,OOV,OOV,OOV,OOV
kitchen_scales,nan,0,OOV,OOV,OOV,OOV,OOV,OOV,OOV,OOV,OOV,OOV,OOV,OOV,OOV,OOV,OOV,OOV,OOV
doughnut,nan,0,OOV,OOV,OOV,OOV,OOV,OOV,OOV,OOV,OOV,OOV,OOV,OOV,OOV,OOV,OOV,OOV,OOV
cutting_board,nan,0,OOV,OOV,OOV,OOV,OOV,OOV,OOV,OOV,OOV,OOV,OOV,OOV,OOV,OOV,OOV,OOV,OOV
coffee_pot,nan,0,OOV,OOV,OOV,OOV,OOV,OOV,OOV,OOV,OOV,OOV,OOV,OOV,OOV,OOV,OOV,OOV,OOV
coffee_machine,nan,0,OOV,OOV,OOV,OOV,OOV,OOV,OOV,OOV,OOV,OOV,OOV,OOV,OOV,OOV,OOV,OOV,OOV
can_opener,nan,0,OOV,OOV,OOV,OOV,OOV,OOV,OOV,OOV,OOV,OOV,OOV,OOV,OOV,OOV,OOV,OOV,OOV
chest_of_drawers,nan,0,OOV,OOV,OOV,OOV,OOV,OOV,OOV,OOV,OOV,OOV,OOV,OOV,OOV,OOV,OOV,OOV,OOV
stick_insect,nan,0,OOV,OOV,OOV,OOV,OOV,OOV,OOV,OOV,OOV,OOV,OOV,OOV,OOV,OOV,OOV,OOV,OOV
oak,0.6975530594947275,1,1,1,1,1,1,1,1,1,1,1,1,1,1,1,1,1,1
sycamore,0.691988268510906,1,1,1,1,1,1,1,1,1,1,1,1,1,1,1,1,1,1
elm,0.677198470301255,1,1,0,1,1,1,1,1,1,1,1,1,1,1,1,1,1,1
birch,0.6715982205822835,1,1,0,1,1,1,1,1,1,1,1,1,1,1,1,1,1,1
pine,0.6534289153685763,1,0,0,1,0,1,1,1,1,1,1,1,1,1,1,1,1,1
fir,0.6271952600984784,1,1,0,1,0,0,0,0,1,1,1,1,1,1,1,1,1,1
fern,0.6079229233682009,0,0,0,1,0,1,1,1,1,1,1,1,0,0,0,0,0,0
willow,0.6030579950458238,1,0,0,0,0,0,0,0,0,0,0,0,0,0,0,0,0,0
eucalyptus,0.5886977818531259,1,1,0,0,0,0,0,0,0,0,0,0,1,1,1,1,1,1
moss,0.5761283520324116,0,0,0,1,0,0,0,0,1,1,1,1,0,0,0,0,0,0
heron,0.5705414350341819,1,0,0,0,0,0,0,0,0,0,0,0,0,0,0,0,0,0
giraffe,0.530278875841379,1,0,0,0,0,0,0,0,0,0,0,0,0,0,0,0,0,0
beetle,0.526689894464489,0,0,0,0,0,0,0,0,0,0,0,0,0,0,0,0,0,0
crane,0.5249298329636816,1,1,0,0,0,0,0,0,0,0,0,0,1,1,1,1,1,1
crane,0.5249298329636816,1,1,0,0,0,0,0,0,0,0,0,0,1,1,1,1,1,1
chandelier,0.5197270610941102,0,0,0,0,0,0,0,0,0,0,0,0,0,0,0,0,0,0
wren,0.5178566966899473,0,0,0,0,0,0,0,0,0,0,0,0,0,0,0,0,0,0
geranium,0.5105484805597467,0,0,0,0,0,0,0,0,0,0,0,0,0,0,0,0,0,0
woodpecker,0.5084682492437815,0,0,0,0,0,0,0,0,0,0,0,0,0,1,0,0,0,0
squirrel,0.5060834673879209,0,0,0,0,0,0,0,0,0,0,0,0,0,0,0,0,0,0
buttercup,0.4981015800299047,0,0,0,0,0,0,0,0,0,0,0,0,0,0,0,0,0,0
dandelion,0.4957084781771145,0,0,0,0,0,0,0,0,0,0,0,0,0,0,0,0,0,0
owl,0.4940080854970242,0,0,0,0,0,0,0,0,0,0,0,0,0,0,0,0,0,0
lily,0.4911134437700027,0,0,0,0,0,0,0,0,0,0,0,0,0,0,0,0,0,0
dragonfly,0.4900920047082164,0,0,0,0,0,0,0,0,0,0,0,0,0,0,0,0,0,0
toad,0.48828192087955447,0,0,0,0,0,0,0,0,0,0,0,0,0,0,0,0,0,0
orchid,0.4864249724654556,0,0,0,0,0,0,0,0,0,0,0,0,0,0,0,0,0,0
pumpkin,0.48352193720428466,0,0,0,0,0,0,0,0,0,0,0,0,0,0,0,0,0,0
frog,0.4832350855136519,0,0,0,0,0,0,0,0,0,0,0,0,0,0,0,0,0,0
lizard,0.48182605671967865,0,0,0,0,0,0,0,0,0,0,0,0,0,0,0,0,0,0
spider,0.48169098821979894,0,0,0,0,0,0,0,0,0,0,0,0,0,0,0,0,0,0
rabbit,0.4795913562368235,0,0,0,0,0,0,0,0,0,0,0,0,0,0,0,0,0,0
buzzard,0.47929029943951523,0,0,0,0,0,0,0,0,0,0,0,0,0,0,0,0,0,0
pear,0.4788769792051913,0,0,0,0,0,0,0,0,0,0,0,0,0,0,0,0,0,0
bookcase,0.4760284600764579,1,0,0,0,0,0,0,0,0,0,0,0,0,0,0,0,0,0
robin,0.47534811667941235,0,0,0,0,0,0,0,0,0,0,0,0,0,0,0,0,0,0
hyacinth,0.46956990877614346,0,0,0,0,0,0,0,0,0,0,0,0,0,0,0,0,0,0
flamingo,0.46891147442040626,0,0,0,0,0,0,0,0,0,0,0,0,0,0,0,0,0,0
kingfisher,0.46680568178633186,0,0,0,0,0,0,0,0,0,0,0,0,0,0,0,0,0,0
sunflower,0.4640536684345658,1,0,0,0,0,0,0,0,0,0,0,0,0,0,0,0,0,0
pelican,0.4631079138864684,0,0,0,0,0,0,0,0,0,0,0,0,0,0,0,0,0,0
peach,0.46294906443090494,0,0,0,0,0,0,0,0,0,0,0,0,0,0,0,0,0,0
caterpillar,0.4629413261604144,0,0,0,0,0,0,0,0,0,0,0,0,0,0,0,0,0,0
tulip,0.46271796938192844,0,0,0,0,0,0,0,0,0,0,0,0,0,0,0,0,0,0
satsuma,0.4626780788334981,0,0,0,0,0,0,0,0,0,0,0,0,0,0,0,0,0,0
porcupine,0.46044969589027934,0,0,0,0,0,0,0,0,0,0,0,0,0,0,0,0,0,0
raven,0.45866331440377306,0,0,0,0,0,0,0,0,0,0,0,0,0,0,0,0,0,0
marble,0.45548470062176644,0,0,0,0,0,0,0,0,0,0,0,0,0,0,0,0,0,0
seahorse,0.45466642276563657,0,0,0,0,0,0,0,0,0,0,0,0,0,0,0,0,0,0
otter,0.45429528035932143,0,0,0,0,0,0,0,0,0,0,0,0,0,0,0,0,0,0
apricot,0.45215692531843216,0,0,0,0,0,0,0,0,0,0,0,0,0,0,0,0,0,0
stone,0.45106183971629565,0,0,0,0,0,0,0,0,0,0,0,0,0,0,0,0,0,0
rhubarb,0.4502539470256621,0,0,0,0,0,0,0,0,0,0,0,0,0,0,0,0,0,0
chestnut,0.44731334011994756,0,0,0,0,0,0,0,0,0,0,0,0,0,0,0,0,0,0
asparagus,0.44715592300518303,0,0,0,0,0,0,0,0,0,0,0,0,0,0,0,0,0,0
wasp,0.446725953524842,0,0,0,0,0,0,0,0,0,0,0,0,0,0,0,0,0,0
llama,0.44466784377003266,1,0,0,0,0,0,0,0,0,0,0,0,0,0,0,0,0,0
buffalo,0.44461174769136086,0,0,0,0,0,0,0,0,0,0,0,0,0,0,0,0,0,0
deer,0.4445993609470862,0,0,0,0,0,0,0,0,0,0,0,0,0,0,0,0,0,0
moose,0.4443754978263208,0,0,0,0,0,0,0,0,0,0,0,0,0,0,0,0,0,0
ladybird,0.44381649493282654,0,0,0,0,0,0,0,0,0,0,0,0,0,0,0,0,0,0
hutch,0.44305390966917996,0,0,0,0,0,0,0,0,0,0,0,0,0,0,0,0,0,0
hummingbird,0.4430229953086326,0,0,0,0,0,0,0,0,0,0,0,0,0,0,0,0,0,0
grasshopper,0.44084149482519147,0,0,0,0,0,0,0,0,0,0,0,0,0,0,0,0,0,0
sparrow,0.4408232676786877,0,0,0,0,0,0,0,0,0,0,0,0,0,0,0,0,0,0
radish,0.4405265915084072,0,0,0,0,0,0,0,0,0,0,0,0,0,0,0,0,0,0
iguana,0.44026621531217686,0,0,0,0,0,0,0,0,0,0,0,0,0,0,0,0,0,0
lantern,0.4390906499304502,0,0,0,0,0,0,0,0,0,0,0,0,0,0,0,0,0,0
melon,0.43708486388625817,0,0,0,0,0,0,0,0,0,0,0,0,0,0,0,0,0,0
peacock,0.43654428638853515,0,0,0,0,0,0,0,0,0,0,0,0,0,0,0,0,0,0
moth,0.4360298841729391,0,0,0,0,0,0,0,0,0,0,0,0,0,0,0,0,0,0
emu,0.43530524055398917,1,0,0,0,0,0,0,0,0,0,0,0,0,0,0,0,0,0
goat,0.4339023328704363,0,0,0,0,0,0,0,0,0,0,0,0,0,0,0,0,0,0
beaver,0.4335176861246246,0,0,0,0,0,0,0,0,0,0,0,0,0,0,0,0,0,0
cabbage,0.4309794383451217,0,0,0,0,0,0,0,0,0,0,0,0,0,0,0,0,0,0
apple,0.43084625662120063,0,0,0,0,0,0,0,0,0,0,0,0,0,0,0,0,0,0
fence,0.4307006273461413,1,0,0,0,0,0,0,0,0,0,0,0,1,0,1,1,1,1
fox,0.43016879559865345,0,0,0,0,0,0,0,0,0,0,0,0,0,0,0,0,0,0
swan,0.42986837487448853,0,0,0,0,0,0,0,0,0,0,0,0,0,0,0,0,0,0
tortoise,0.4292681701387492,0,0,0,0,0,0,0,0,0,0,0,0,0,0,0,0,0,0
rope,0.4286349502581208,0,0,0,0,0,0,0,0,0,0,0,0,1,1,1,1,1,1
rattlesnake,0.42730086299729986,0,0,0,0,0,0,0,0,0,0,0,0,0,0,0,0,0,0
elephant,0.4257676628717892,0,0,0,0,0,0,0,0,0,0,0,0,0,0,0,0,0,0
tarantula,0.42552688930998567,0,0,0,0,0,0,0,0,0,0,0,0,0,0,0,0,0,0
grape,0.4248697422943318,0,0,0,0,0,0,0,0,0,0,0,0,0,0,0,0,0,0
raccoon,0.42443218363082463,0,0,0,0,0,0,0,0,0,0,0,0,0,0,0,0,0,0
canoe,0.42103545245404145,0,0,0,0,0,0,0,0,0,0,0,0,0,0,0,0,0,0
falcon,0.420819352542692,0,0,0,0,0,0,0,0,0,0,0,0,0,0,0,0,0,0
blueberry,0.4195874208653514,0,0,0,0,0,0,0,0,0,0,0,0,0,0,0,0,0,0
eagle,0.4195567813298712,0,0,0,0,0,0,0,0,0,0,0,0,0,0,0,0,0,0
turtle,0.41909663389928037,0,0,0,0,0,0,0,0,0,0,0,0,0,0,0,0,0,0
hedgehog,0.4188201458414846,0,0,0,0,0,0,0,0,0,0,0,0,0,0,0,0,0,0
ant,0.4165931916063623,0,0,0,0,0,0,0,0,0,0,0,0,0,0,0,0,0,0
courgette,0.4151772896754302,0,0,0,0,0,0,0,0,0,0,0,0,0,0,0,0,0,0
sellotape,0.41510015620136465,0,0,0,0,0,0,0,0,0,0,0,0,0,0,0,0,0,0
marigold,0.4138618069757025,0,0,0,0,0,0,0,0,0,0,0,0,0,0,0,0,0,0
daffodil,0.4137296915372991,0,0,0,0,0,0,0,0,0,0,0,0,0,0,0,0,0,0
zebra,0.4132829373570452,0,0,0,0,0,0,0,0,0,0,0,0,0,0,0,0,0,0
artichoke,0.41137460170502443,0,0,0,0,0,0,0,0,0,0,0,0,0,0,0,0,0,0
brick,0.4100028691272243,0,0,0,0,0,0,0,0,0,0,0,0,0,0,0,0,0,0
leek,0.40923766964874014,0,0,0,0,0,0,0,0,0,0,0,0,0,0,0,0,0,0
prune,0.408795686831201,0,0,0,0,0,0,0,0,0,0,0,0,0,0,0,0,0,0
alligator,0.408486968735013,0,0,0,0,0,0,0,0,0,0,0,0,0,0,0,0,0,0
rocking_chair,0.40817512726240057,0,0,0,0,0,0,0,0,0,0,0,0,0,0,0,0,0,0
parsley,0.40800555879725287,0,0,0,0,0,0,0,0,0,0,0,0,0,0,0,0,0,0
centipede,0.4078608873981403,0,0,0,0,0,0,0,0,0,0,0,0,0,0,0,0,0,0
chainsaw,0.40685501542885166,0,0,0,0,0,0,0,0,0,0,0,0,0,0,0,0,0,0
monkey,0.40660843721801115,0,0,0,0,0,0,0,0,0,0,0,0,0,0,0,0,0,0
daisy,0.4064138907226442,0,0,0,0,0,0,0,0,0,0,0,0,0,0,0,0,0,0
pigeon,0.4064016210607687,0,0,0,0,0,0,0,0,0,0,0,0,0,0,0,0,0,0
skunk,0.40604602985589305,0,0,0,0,0,0,0,0,0,0,0,0,0,0,0,0,0,0
rhino,0.40465452362491067,0,0,0,0,0,0,0,0,0,0,0,0,0,0,0,0,0,0
eel,0.4027018869428286,0,0,0,0,0,0,0,0,0,0,0,0,0,0,0,0,0,0
olive,0.4023946788342605,0,0,0,0,0,0,0,0,0,0,0,0,0,0,0,0,0,0
seagull,0.4023520006703657,0,0,0,0,0,0,0,0,0,0,0,0,0,0,0,0,0,0
mussel,0.40191538587575804,0,0,0,0,0,0,0,0,0,0,0,0,0,0,0,0,0,0
panther,0.40143074104396537,0,0,0,0,0,0,0,0,0,0,0,0,0,0,0,0,0,0
tomato,0.4013850309780424,0,0,0,0,0,0,0,0,0,0,0,0,0,0,0,0,0,0
turnip,0.40056746338783805,0,0,0,0,0,0,0,0,0,0,0,0,0,0,0,0,0,0
budgie,0.4003822018328544,0,0,0,0,0,0,0,0,0,0,0,0,0,0,0,0,0,0
millipede,0.39923521095308995,0,0,0,0,0,0,0,0,0,0,0,0,0,0,0,0,0,0
celery,0.39812409336870447,0,0,0,0,0,0,0,0,0,0,0,0,0,0,0,0,0,0
donkey,0.3971458036879902,0,0,0,0,0,0,0,0,0,0,0,0,0,0,0,0,0,0
turkey,0.39690707735671865,0,0,0,0,0,0,0,0,0,0,0,0,0,0,0,0,0,0
ox,0.3949794228989126,0,0,0,0,0,0,0,0,0,0,0,0,0,0,0,0,0,0
lamb,0.3936085981694741,0,0,0,0,0,0,0,0,0,0,0,0,0,0,0,0,0,0
avocado,0.39311843969563653,0,0,0,0,0,0,0,0,0,0,0,0,0,0,0,0,0,0
goose,0.3907198531886859,0,0,0,0,0,0,0,0,0,0,0,0,0,0,0,0,0,0
cockerel,0.3905920444875811,0,0,0,0,0,0,0,0,0,0,0,0,0,0,0,0,0,0
mushroom,0.3904305239005305,0,0,0,0,0,0,0,0,0,0,0,0,0,0,0,0,0,0
broom,0.3902739916085406,0,0,0,0,0,0,0,0,0,0,0,0,0,0,0,0,0,0
snail,0.3896879162224309,0,0,0,0,0,0,0,0,0,0,0,0,0,0,0,0,0,0
locust,0.38955009066249235,0,0,0,0,0,0,0,0,0,0,0,0,0,0,0,0,0,0
watermelon,0.3884750826428167,0,0,0,0,0,0,0,0,0,0,0,0,0,0,0,0,0,0
gherkin,0.38831786252720935,0,0,0,0,0,0,0,0,0,0,0,0,0,0,0,0,0,0
crab,0.38472608403863123,0,0,0,0,0,0,0,0,0,0,0,0,0,0,0,0,0,0
strawberry,0.38337676573236246,0,0,0,0,0,0,0,0,0,0,0,0,0,0,0,0,0,0
duck,0.3820007715007021,0,0,0,0,0,0,0,0,0,0,0,0,0,0,0,0,0,0
housefly,0.3817457216733041,0,0,0,0,0,0,0,0,0,0,0,0,0,0,0,0,0,0
ladder,0.3814967390846604,1,0,0,0,0,0,0,0,0,0,0,0,0,1,0,0,0,0
chipmunk,0.3809451864470678,0,0,0,0,0,0,0,0,0,0,0,0,0,0,0,0,0,0
dresser,0.380606948894439,0,0,0,0,0,0,0,0,0,0,0,0,0,0,0,0,0,0
grapefruit,0.3802353374874967,0,0,0,0,0,0,0,0,0,0,0,0,0,0,0,0,0,0
seashell,0.3801966257715438,0,0,0,0,0,0,0,0,0,0,0,0,0,0,0,0,0,0
partridge,0.3799198573335273,0,0,0,0,0,0,0,0,0,0,0,0,0,0,0,0,0,0
raspberry,0.37953129577276246,0,0,0,0,0,0,0,0,0,0,0,0,0,0,0,0,0,0
cork,0.37924116593312307,0,0,0,0,0,0,0,0,0,0,0,0,0,0,0,0,0,0
hippo,0.3790541770864935,0,0,0,0,0,0,0,0,0,0,0,0,0,0,0,0,0,0
bee,0.37886767072761807,0,0,0,0,0,0,0,0,0,0,0,0,0,0,0,0,0,0
pineapple,0.37869794714586,0,0,0,0,0,0,0,0,0,0,0,0,0,0,0,0,0,0
nectarine,0.37590956373775375,0,0,0,0,0,0,0,0,0,0,0,0,0,0,0,0,0,0
magpie,0.37572713298102267,0,0,0,0,0,0,0,0,0,0,0,0,0,0,0,0,0,0
cucumber,0.3757124450573597,0,0,0,0,0,0,0,0,0,0,0,0,0,0,0,0,0,0
seaweed,0.37569380185565826,0,0,0,0,0,0,0,0,0,0,0,0,0,0,0,0,0,0
glider,0.3756307034634042,0,0,0,0,0,0,0,0,0,0,0,0,0,0,0,0,0,0
kite,0.3752179138887254,0,0,0,0,0,0,0,0,0,0,0,0,0,0,0,0,0,0
cat,0.37497994843810944,0,0,0,0,0,0,0,0,0,0,0,0,0,0,0,0,0,0
tripod,0.37478704854825484,0,0,0,0,0,0,0,0,0,0,0,0,0,0,0,0,0,0
starling,0.374738183230074,0,0,0,0,0,0,0,0,0,0,0,0,0,0,0,0,0,0
crocodile,0.37452519074735513,0,0,0,0,0,0,0,0,0,0,0,0,0,0,0,0,0,0
scorpion,0.37428991231370423,0,0,0,0,0,0,0,0,0,0,0,0,0,0,0,0,0,0
crayfish,0.3734171474429552,0,0,0,0,0,0,0,0,0,0,0,0,0,0,0,0,0,0
trowel,0.37243715973392116,0,0,0,0,0,0,0,0,0,0,0,0,0,0,0,0,0,0
parakeet,0.37195896063852996,0,0,0,0,0,0,0,0,0,0,0,0,0,0,0,0,0,0
bean,0.3716022900702713,0,0,0,0,0,0,0,0,0,0,0,0,0,0,0,0,0,0
cauliflower,0.36988173200646735,0,0,0,0,0,0,0,0,0,0,0,0,0,0,0,0,0,0
garlic,0.3690794170352091,0,0,0,0,0,0,0,0,0,0,0,0,0,0,0,0,0,0
penguin,0.3688882789151374,0,0,0,0,0,0,0,0,0,0,0,0,0,0,0,0,0,0
pig,0.3686297079974442,0,0,0,0,0,0,0,0,0,0,0,0,0,0,0,0,0,0
broccoli,0.36852157254186446,0,0,0,0,0,0,0,0,0,0,0,0,0,0,0,0,0,0
mango,0.36849185133975226,0,0,0,0,0,0,0,0,0,0,0,0,0,0,0,0,0,0
arrow,0.36806138948295686,0,0,0,0,0,0,0,0,0,0,0,0,0,0,0,0,0,0
gorilla,0.36758114601204683,0,0,0,0,0,0,0,0,0,0,0,0,0,0,0,0,0,0
leopard,0.36757174710863627,0,0,0,0,0,0,0,0,0,0,0,0,0,0,0,0,0,0
pyramid,0.3672316969804056,1,0,0,0,0,0,0,0,0,0,0,0,0,0,0,0,0,0
flute,0.3670960894754134,0,0,0,0,0,0,0,0,0,0,0,0,0,0,0,0,0,0
currant,0.3669231305594531,0,0,0,0,0,0,0,0,0,0,0,0,0,0,0,0,0,0
castle,0.3662899720537801,0,0,0,0,0,0,0,0,0,0,0,0,0,0,0,0,0,0
whale,0.36605170792256414,0,0,0,0,0,0,0,0,0,0,0,0,0,0,0,0,0,0
bridge,0.3655004466150439,1,0,0,0,0,0,0,0,0,0,0,0,0,0,0,0,0,0
sheep,0.364337196991959,0,0,0,0,0,0,0,0,0,0,0,0,0,0,0,0,0,0
stool,0.3629160587764233,0,0,0,0,0,0,0,0,0,0,0,0,0,0,0,0,0,0
sofa,0.36244029447464743,0,0,0,0,0,0,0,0,0,0,0,0,0,0,0,0,0,0
horse,0.36148482362688816,0,0,0,0,0,0,0,0,0,0,0,0,0,0,0,0,0,0
sword,0.36110625926738255,0,0,0,0,0,0,0,0,0,0,0,0,0,0,0,0,0,0
tractor,0.36097499193999383,0,0,0,0,0,0,0,0,0,0,0,0,0,0,0,0,0,0
lime,0.35920163916775605,0,0,0,0,0,0,0,0,0,0,0,0,0,0,0,0,0,0
banana,0.35781609375668366,0,0,0,0,0,0,0,0,0,0,0,0,0,0,0,0,0,0
butterfly,0.35741279325471476,0,0,0,0,0,0,0,0,0,0,0,0,0,0,0,0,0,0
sweet_potato,0.3562433136125308,0,0,0,0,0,0,0,0,0,0,0,0,0,0,0,0,0,0
platypus,0.35471529108721217,0,0,0,0,0,0,0,0,0,0,0,0,0,0,0,0,0,0
cape,0.3511943294189877,0,0,0,0,0,0,0,0,0,0,0,0,0,0,0,0,0,0
aubergine,0.35075409583469863,0,0,0,0,0,0,0,0,0,0,0,0,0,0,0,0,0,0
lettuce,0.35073059768540243,0,0,0,0,0,0,0,0,0,0,0,0,0,0,0,0,0,0
tiger,0.34976774842405606,0,0,0,0,0,0,0,0,0,0,0,0,0,0,0,0,0,0
termite,0.3491921190814532,0,0,0,0,0,0,0,0,0,0,0,0,0,0,0,0,0,0
sultana,0.34886172901964246,0,0,0,0,0,0,0,0,0,0,0,0,0,0,0,0,0,0
foot,0.3486636729760272,0,0,0,0,0,0,0,0,0,0,0,0,0,0,0,0,0,0
brush,0.3484330347603989,0,0,0,0,0,0,0,0,0,0,0,0,0,0,0,0,0,0
scallop,0.3480187394778599,0,0,0,0,0,0,0,0,0,0,0,0,0,0,0,0,0,0
coconut,0.3475978116906667,0,0,0,0,0,0,0,0,0,0,0,0,0,0,0,0,0,0
kangaroo,0.3461601374695876,0,0,0,0,0,0,0,0,0,0,0,0,0,0,0,0,0,0
trout,0.3457193234585695,0,0,0,0,0,0,0,0,0,0,0,0,0,0,0,0,0,0
onion,0.345447632977374,0,0,0,0,0,0,0,0,0,0,0,0,0,0,0,0,0,0
jellyfish,0.34512133831255376,0,0,0,0,0,0,0,0,0,0,0,0,0,0,0,0,0,0
cow,0.3431187660389491,0,0,0,0,0,0,0,0,0,0,0,0,0,0,0,0,0,0
carnation,0.34270829535579256,0,0,0,0,0,0,0,0,0,0,0,0,0,0,0,0,0,0
wolf,0.3420093249675319,0,0,0,0,0,0,0,0,0,0,0,0,0,0,0,0,0,0
camel,0.341875364105993,0,0,0,0,0,0,0,0,0,0,0,0,0,0,0,0,0,0
wheelbarrow,0.3407850508352622,0,0,0,0,0,0,0,0,0,0,0,0,0,0,0,0,0,0
herring,0.3405576916262687,0,0,0,0,0,0,0,0,0,0,0,0,0,0,0,0,0,0
lamp,0.33991311726147766,0,0,0,0,0,0,0,0,0,0,0,0,0,0,0,0,0,0
potato,0.3392347236712576,0,0,0,0,0,0,0,0,0,0,0,0,0,0,0,0,0,0
dolphin,0.3389826351431946,0,0,0,0,0,0,0,0,0,0,0,0,0,0,0,0,0,0
crossbow,0.338850915028234,0,0,0,0,0,0,0,0,0,0,0,0,0,0,0,0,0,0
tangerine,0.3382500205051995,0,0,0,0,0,0,0,0,0,0,0,0,0,0,0,0,0,0
shrimp,0.3360983072299817,0,0,0,0,0,0,0,0,0,0,0,0,0,0,0,0,0,0
kiwi_fruit,0.3357376406088773,0,0,0,0,0,0,0,0,0,0,0,0,0,0,0,0,0,0
salmon,0.3355982118477709,0,0,0,0,0,0,0,0,0,0,0,0,0,0,0,0,0,0
brussel_sprouts,0.33504417731825636,0,0,0,0,0,0,0,0,0,0,0,0,0,0,0,0,0,0
jug,0.33326217874030106,0,0,0,0,0,0,0,0,0,0,0,0,0,0,0,0,0,0
cockroach,0.33250853780921574,0,0,0,0,0,0,0,0,0,0,0,0,0,0,0,0,0,0
corn,0.33067504142393894,0,0,0,0,0,0,0,0,0,0,0,0,0,0,0,0,0,0
sledge,0.3305187132829039,0,0,0,0,0,0,0,0,0,0,0,0,0,0,0,0,0,0
crayon,0.32953256575587997,0,0,0,0,0,0,0,0,0,0,0,0,0,0,0,0,0,0
hyena,0.3290093106812958,0,0,0,0,0,0,0,0,0,0,0,0,0,0,0,0,0,0
kayak,0.3288483806410568,0,0,0,0,0,0,0,0,0,0,0,0,0,0,0,0,0,0
cherry,0.32779923894820595,0,0,0,0,0,0,0,0,0,0,0,0,0,0,0,0,0,0
lobster,0.32579376637485935,0,0,0,0,0,0,0,0,0,0,0,0,0,0,0,0,0,0
stove,0.3253565478765804,0,0,0,0,0,0,0,0,0,0,0,0,0,0,0,0,0,0
gerbil,0.3251850227586043,0,0,0,0,0,0,0,0,0,0,0,0,0,0,0,0,0,0
oyster,0.32509487393516356,0,0,0,0,0,0,0,0,0,0,0,0,0,0,0,0,0,0
strainer,0.32507882051155645,0,0,0,0,0,0,0,0,0,0,0,0,0,0,0,0,0,0
pansy,0.32462468887846796,0,0,0,0,0,0,0,0,0,0,0,0,0,0,0,0,0,0
squid,0.3243795329356911,0,0,0,0,0,0,0,0,0,0,0,0,0,0,0,0,0,0
doorknob,0.32415167132423606,0,0,0,0,0,0,0,0,0,0,0,0,0,0,0,0,0,0
trolley,0.3240018314954438,0,0,0,0,0,0,0,0,0,0,0,0,0,0,0,0,0,0
doll,0.3222526047602804,0,0,0,0,0,0,0,0,0,0,0,0,0,0,0,0,0,0
prawn,0.32214115879617,0,0,0,0,0,0,0,0,0,0,0,0,0,0,0,0,0,0
spade,0.3213198134584411,0,0,0,0,0,0,0,0,0,0,0,0,0,0,0,0,0,0
cake,0.3210906122814148,0,0,0,0,0,0,0,0,0,0,0,0,0,0,0,0,0,0
unicycle,0.32088159302200236,0,0,0,0,0,0,0,0,0,0,0,0,0,0,0,0,0,0
candle,0.3207687157650521,0,0,0,0,0,0,0,0,0,0,0,0,0,0,0,0,0,0
dog,0.320288112033992,0,0,0,0,0,0,0,0,0,0,0,0,0,0,0,0,0,0
hamster,0.32007394841123676,0,0,0,0,0,0,0,0,0,0,0,0,0,0,0,0,0,0
pipe,0.3200257828870535,0,0,0,0,0,0,0,0,0,0,0,0,0,0,0,0,0,0
shawl,0.3195900879983591,0,0,0,0,0,0,0,0,0,0,0,0,0,0,0,0,0,0
carp,0.3188720512078643,0,0,0,0,0,0,0,0,0,0,0,0,0,0,0,0,0,0
cage,0.3178764938121776,0,0,0,0,0,0,0,0,0,0,0,0,0,0,0,0,0,0
spoon,0.3175118180329998,0,0,0,0,0,0,0,0,0,0,0,0,0,0,0,0,0,0
cheetah,0.31730938569488853,0,0,0,0,0,0,0,0,0,0,0,0,0,0,0,0,0,0
machete,0.316756544920209,0,0,0,0,0,0,0,0,0,0,0,0,0,0,0,0,0,0
carriage,0.31665338917129315,0,0,0,0,0,0,0,0,0,0,0,0,0,0,0,0,0,0
cymbal,0.3155676867597563,0,0,0,0,0,0,0,0,0,0,0,0,0,0,0,0,0,0
orange,0.31542303514966336,0,0,0,0,0,0,0,0,0,0,0,0,0,0,0,0,0,0
bicycle,0.3151055072659318,0,0,0,0,0,0,0,0,0,0,0,0,0,0,0,0,0,0
rollerskate,0.3143149790929527,0,0,0,0,0,0,0,0,0,0,0,0,0,0,0,0,0,0
hoe,0.313968020507401,0,0,0,0,0,0,0,0,0,0,0,0,0,0,0,0,0,0
lemon,0.31255075850166125,0,0,0,0,0,0,0,0,0,0,0,0,0,0,0,0,0,0
carrot,0.3121133986749053,0,0,0,0,0,0,0,0,0,0,0,0,0,0,0,0,0,0
brandy,0.31203881171682896,0,0,0,0,0,0,0,0,0,0,0,0,0,0,0,0,0,0
octopus,0.31191329771368137,0,0,0,0,0,0,0,0,0,0,0,0,0,0,0,0,0,0
nightingale,0.3109607784815265,0,0,0,0,0,0,0,0,0,0,0,0,0,0,0,0,0,0
pillow,0.309596942410242,0,0,0,0,0,0,0,0,0,0,0,0,0,0,0,0,0,0
cheese,0.309438267339597,0,0,0,0,0,0,0,0,0,0,0,0,0,0,0,0,0,0
truck,0.3077024091328566,0,0,0,0,0,0,0,0,0,0,0,0,0,0,0,0,0,0
rat,0.3070502866216478,0,0,0,0,0,0,0,0,0,0,0,0,0,0,0,0,0,0
spear,0.3069420528472115,0,0,0,0,0,0,0,0,0,0,0,0,0,0,0,0,0,0
peas,0.3063998346267305,0,0,0,0,0,0,0,0,0,0,0,0,0,0,0,0,0,0
chocolate,0.3046985961780867,0,0,0,0,0,0,0,0,0,0,0,0,0,0,0,0,0,0
banjo,0.30396374809171056,0,0,0,0,0,0,0,0,0,0,0,0,0,0,0,0,0,0
mat,0.301972988935561,0,0,0,0,0,0,0,0,0,0,0,0,0,0,0,0,0,0
chicken,0.30137305847408313,0,0,0,0,0,0,0,0,0,0,0,0,0,0,0,0,0,0
buggy,0.30040766005519504,0,0,0,0,0,0,0,0,0,0,0,0,0,0,0,0,0,0
worm,0.30001706108878146,0,0,0,0,0,0,0,0,0,0,0,0,0,0,0,0,0,0
shovel,0.2998154366851751,0,0,0,0,0,0,0,0,0,0,0,0,0,0,0,0,0,0
hornet,0.29965157938918474,0,0,0,0,0,0,0,0,0,0,0,0,0,0,0,0,0,0
mosquito,0.29949990720461306,0,0,0,0,0,0,0,0,0,0,0,0,0,0,0,0,0,0
peeler,0.29925831558802635,0,0,0,0,0,0,0,0,0,0,0,0,0,0,0,0,0,0
hose,0.2989740331493108,0,0,0,0,0,0,0,0,0,0,0,0,0,0,0,0,0,0
harp,0.29878444029098983,0,0,0,0,0,0,0,0,0,0,0,0,0,0,0,0,0,0
surfboard,0.29868527645684717,0,0,0,0,0,0,0,0,0,0,0,0,0,0,0,0,0,0
skis,0.2978492992162929,0,0,0,0,0,0,0,0,0,0,0,0,0,0,0,0,0,0
lorry,0.29770217679815403,0,0,0,0,0,0,0,0,0,0,0,0,0,0,0,0,0,0
necklace,0.29761969183589104,0,0,0,0,0,0,0,0,0,0,0,0,0,0,0,0,0,0
nut,0.2974028096831169,0,0,0,0,0,0,0,0,0,0,0,0,0,0,0,0,0,0
bed,0.29643242773708134,0,0,0,0,0,0,0,0,0,0,0,0,0,0,0,0,0,0
ostrich,0.29537295817697384,0,0,0,0,0,0,0,0,0,0,0,0,0,0,0,0,0,0
deckchair,0.29489931331712155,0,0,0,0,0,0,0,0,0,0,0,0,0,0,0,0,0,0
hair,0.29475672583998924,0,0,0,0,0,0,0,0,0,0,0,0,0,0,0,0,0,0
skateboard,0.29411837582070793,0,0,0,0,0,0,0,0,0,0,0,0,0,0,0,0,0,0
barge,0.29399625457830925,0,0,0,0,0,0,0,0,0,0,0,0,0,0,0,0,0,0
walrus,0.292160902563966,0,0,0,0,0,0,0,0,0,0,0,0,0,0,0,0,0,0
bat,0.2907713923135804,0,0,0,0,0,0,0,0,0,0,0,0,0,0,0,0,0,0
bat,0.2907713923135804,0,0,0,0,0,0,0,0,0,0,0,0,0,0,0,0,0,0
ladle,0.290666916735635,0,0,0,0,0,0,0,0,0,0,0,0,0,0,0,0,0,0
calf,0.29062501982267513,0,0,0,0,0,0,0,0,0,0,0,0,0,0,0,0,0,0
shark,0.2905439865378071,0,0,0,0,0,0,0,0,0,0,0,0,0,0,0,0,0,0
bell,0.290497837776098,0,0,0,0,0,0,0,0,0,0,0,0,0,0,0,0,0,0
bow,0.2898199924598718,0,0,0,0,0,0,0,0,0,0,0,0,0,0,0,0,0,0
jelly,0.28925349058344696,0,0,0,0,0,0,0,0,0,0,0,0,0,0,0,0,0,0
tray,0.28746537129787114,0,0,0,0,0,0,0,0,0,0,0,0,0,0,0,0,0,0
bayonet,0.2869337169856292,0,0,0,0,0,0,0,0,0,0,0,0,0,0,0,0,0,0
tambourine,0.2869150473396991,0,0,0,0,0,0,0,0,0,0,0,0,0,0,0,0,0,0
piano,0.2868000107145689,0,0,0,0,0,0,0,0,0,0,0,0,0,0,0,0,0,0
goldfish,0.28635179890937545,0,0,0,0,0,0,0,0,0,0,0,0,0,0,0,0,0,0
corkscrew,0.286318217040927,0,0,0,0,0,0,0,0,0,0,0,0,0,0,0,0,0,0
bouquet,0.28575925456391416,0,0,0,0,0,0,0,0,0,0,0,0,0,0,0,0,0,0
cider,0.2851179405073154,0,0,0,0,0,0,0,0,0,0,0,0,0,0,0,0,0,0
coat,0.2844458659092522,0,0,0,0,0,0,0,0,0,0,0,0,0,0,0,0,0,0
window,0.28433554800189764,0,0,0,0,0,0,0,0,0,0,0,0,0,0,0,0,0,0
scythe,0.28360887024758163,0,0,0,0,0,0,0,0,0,0,0,0,0,0,0,0,0,0
chisel,0.28286102547680375,0,0,0,0,0,0,0,0,0,0,0,0,0,0,0,0,0,0
mackerel,0.28265171141783485,0,0,0,0,0,0,0,0,0,0,0,0,0,0,0,0,0,0
cigar,0.2826131470417129,0,0,0,0,0,0,0,0,0,0,0,0,0,0,0,0,0,0
helicopter,0.28257231604899724,0,0,0,0,0,0,0,0,0,0,0,0,0,0,0,0,0,0
violin,0.28251361023218535,0,0,0,0,0,0,0,0,0,0,0,0,0,0,0,0,0,0
slippers,0.2821724265815836,0,0,0,0,0,0,0,0,0,0,0,0,0,0,0,0,0,0
ham,0.28164267677026594,0,0,0,0,0,0,0,0,0,0,0,0,0,0,0,0,0,0
houseboat,0.28158842345452284,0,0,0,0,0,0,0,0,0,0,0,0,0,0,0,0,0,0
spinach,0.2815121855316531,0,0,0,0,0,0,0,0,0,0,0,0,0,0,0,0,0,0
cello,0.2813943301630811,0,0,0,0,0,0,0,0,0,0,0,0,0,0,0,0,0,0
tuba,0.2803548135077991,0,0,0,0,0,0,0,0,0,0,0,0,0,0,0,0,0,0
tugboat,0.2800649071358391,0,0,0,0,0,0,0,0,0,0,0,0,0,0,0,0,0,0
clam,0.2789571263682291,0,0,0,0,0,0,0,0,0,0,0,0,0,0,0,0,0,0
tweezers,0.27855762740759427,0,0,0,0,0,0,0,0,0,0,0,0,0,0,0,0,0,0
tuna,0.27841529083281313,0,0,0,0,0,0,0,0,0,0,0,0,0,0,0,0,0,0
peanut,0.27805775155037016,0,0,0,0,0,0,0,0,0,0,0,0,0,0,0,0,0,0
tent,0.2768589191865609,0,0,0,0,0,0,0,0,0,0,0,0,0,0,0,0,0,0
tongue,0.276695217715313,0,0,0,0,0,0,0,0,0,0,0,0,0,0,0,0,0,0
cart,0.27413578787471415,0,0,0,0,0,0,0,0,0,0,0,0,0,0,0,0,0,0
pencil,0.2739259922898633,0,0,0,0,0,0,0,0,0,0,0,0,0,0,0,0,0,0
sardine,0.2733242921894643,0,0,0,0,0,0,0,0,0,0,0,0,0,0,0,0,0,0
boat,0.272314976604499,0,0,0,0,0,0,0,0,0,0,0,0,0,0,0,0,0,0
oven,0.27228255467094553,0,0,0,0,0,0,0,0,0,0,0,0,0,0,0,0,0,0
bucket,0.2719906303297095,0,0,0,0,0,0,0,0,0,0,0,0,0,0,0,0,0,0
stockings,0.2718982237711576,0,0,0,0,0,0,0,0,0,0,0,0,0,0,0,0,0,0
bolts,0.2701621231992117,0,0,0,0,0,0,0,0,0,0,0,0,0,0,0,0,0,0
crowbar,0.26897032099476914,0,0,0,0,0,0,0,0,0,0,0,0,0,0,0,0,0,0
colander,0.2681238693936443,0,0,0,0,0,0,0,0,0,0,0,0,0,0,0,0,0,0
frisbee,0.2680910418162236,0,0,0,0,0,0,0,0,0,0,0,0,0,0,0,0,0,0
rice,0.2680747041082263,0,0,0,0,0,0,0,0,0,0,0,0,0,0,0,0,0,0
screwdriver,0.26781772916142377,0,0,0,0,0,0,0,0,0,0,0,0,0,0,0,0,0,0
raisin,0.26748309315228247,0,0,0,0,0,0,0,0,0,0,0,0,0,0,0,0,0,0
gin,0.2670742300083533,0,0,0,0,0,0,0,0,0,0,0,0,0,0,0,0,0,0
bagpipes,0.26680390454794145,0,0,0,0,0,0,0,0,0,0,0,0,0,0,0,0,0,0
minnow,0.265962827362222,0,0,0,0,0,0,0,0,0,0,0,0,0,0,0,0,0,0
grater,0.26536333992635946,0,0,0,0,0,0,0,0,0,0,0,0,0,0,0,0,0,0
flannel,0.2653535297409588,0,0,0,0,0,0,0,0,0,0,0,0,0,0,0,0,0,0
thimble,0.2649080300116088,0,0,0,0,0,0,0,0,0,0,0,0,0,0,0,0,0,0
jar,0.2634897717893578,0,0,0,0,0,0,0,0,0,0,0,0,0,0,0,0,0,0
dressing_gown,0.2634383668196179,0,0,0,0,0,0,0,0,0,0,0,0,0,0,0,0,0,0
wine,0.26267776272419047,0,0,0,0,0,0,0,0,0,0,0,0,0,0,0,0,0,0
desk,0.2621965359518173,0,0,0,0,0,0,0,0,0,0,0,0,0,0,0,0,0,0
harpsichord,0.2615268480419047,0,0,0,0,0,0,0,0,0,0,0,0,0,0,0,0,0,0
basin,0.2612716909405514,0,0,0,0,0,0,0,0,0,0,0,0,0,0,0,0,0,0
sandpaper,0.2604466921275759,0,0,0,0,0,0,0,0,0,0,0,0,0,0,0,0,0,0
cannon,0.2602112921155666,0,0,0,0,0,0,0,0,0,0,0,0,0,0,0,0,0,0
poppy,0.2599168131505796,0,0,0,0,0,0,0,0,0,0,0,0,0,0,0,0,0,0
cod,0.25948835022876604,0,0,0,0,0,0,0,0,0,0,0,0,0,0,0,0,0,0
biscuit,0.2587272429530464,0,0,0,0,0,0,0,0,0,0,0,0,0,0,0,0,0,0
pram,0.2586740917753334,0,0,0,0,0,0,0,0,0,0,0,0,0,0,0,0,0,0
armchair,0.25848238749036645,0,0,0,0,0,0,0,0,0,0,0,0,0,0,0,0,0,0
apron,0.2584469175805151,0,0,0,0,0,0,0,0,0,0,0,0,0,0,0,0,0,0
bear,0.2576693914909268,0,0,0,0,0,0,0,0,0,0,0,0,0,0,0,0,0,0
wand,0.2553653384433185,0,0,0,0,0,0,0,0,0,0,0,0,0,0,0,0,0,0
ashtray,0.25533064473506195,0,0,0,0,0,0,0,0,0,0,0,0,0,0,0,0,0,0
balloon,0.25509094532308246,0,0,0,0,0,0,0,0,0,0,0,0,0,0,0,0,0,0
coffin,0.2549695425873991,0,0,0,0,0,0,0,0,0,0,0,0,0,0,0,0,0,0
rock,0.25478228456210184,0,0,0,0,0,0,0,0,0,0,0,0,0,0,0,0,0,0
bone,0.2535145795629161,0,0,0,0,0,0,0,0,0,0,0,0,0,0,0,0,0,0
sandals,0.2535068289344136,0,0,0,0,0,0,0,0,0,0,0,0,0,0,0,0,0,0
penknife,0.25257644757139036,0,0,0,0,0,0,0,0,0,0,0,0,0,0,0,0,0,0
guinea_pig,0.25212831928260165,0,0,0,0,0,0,0,0,0,0,0,0,0,0,0,0,0,0
bellows,0.25136496363921057,0,0,0,0,0,0,0,0,0,0,0,0,0,0,0,0,0,0
leg,0.25105807555804294,0,0,0,0,0,0,0,0,0,0,0,0,0,0,0,0,0,0
lion,0.2508175193388853,0,0,0,0,0,0,0,0,0,0,0,0,0,0,0,0,0,0
spatula,0.2506061029003286,0,0,0,0,0,0,0,0,0,0,0,0,0,0,0,0,0,0
harpoon,0.2503988839618636,0,0,0,0,0,0,0,0,0,0,0,0,0,0,0,0,0,0
tea,0.25037534766184916,0,0,0,0,0,0,0,0,0,0,0,0,0,0,0,0,0,0
scissors,0.24933366225043171,0,0,0,0,0,0,0,0,0,0,0,0,0,0,0,0,0,0
typewriter,0.2474683370024518,0,0,0,0,0,0,0,0,0,0,0,0,0,0,0,0,0,0
fork,0.2473117485382082,0,0,0,0,0,0,0,0,0,0,0,0,0,0,0,0,0,0
pliers,0.2471284969417405,0,0,0,0,0,0,0,0,0,0,0,0,0,0,0,0,0,0
tricycle,0.24697027833955332,0,0,0,0,0,0,0,0,0,0,0,0,0,0,0,0,0,0
soup,0.24588938214769018,0,0,0,0,0,0,0,0,0,0,0,0,0,0,0,0,0,0
mittens,0.2458229328004803,0,0,0,0,0,0,0,0,0,0,0,0,0,0,0,0,0,0
trombone,0.24571272853353165,0,0,0,0,0,0,0,0,0,0,0,0,0,0,0,0,0,0
pony,0.24560350178538937,0,0,0,0,0,0,0,0,0,0,0,0,0,0,0,0,0,0
hawk,0.24548986616522084,0,0,0,0,0,0,0,0,0,0,0,0,0,0,0,0,0,0
organ,0.24527182541188555,0,0,0,0,0,0,0,0,0,0,0,0,0,0,0,0,0,0
moped,0.245100589559956,0,0,0,0,0,0,0,0,0,0,0,0,0,0,0,0,0,0
mayonnaise,0.24471082839616382,0,0,0,0,0,0,0,0,0,0,0,0,0,0,0,0,0,0
scarf,0.2446514779115949,0,0,0,0,0,0,0,0,0,0,0,0,0,0,0,0,0,0
boots,0.2444715751703252,0,0,0,0,0,0,0,0,0,0,0,0,0,0,0,0,0,0
mouse,0.2427209653335597,0,0,0,0,0,0,0,0,0,0,0,0,0,0,0,0,0,0
robe,0.2427176854424257,0,0,0,0,0,0,0,0,0,0,0,0,0,0,0,0,0,0
wheelchair,0.24263352463224563,0,0,0,0,0,0,0,0,0,0,0,0,0,0,0,0,0,0
plum,0.2416353868905579,0,0,0,0,0,0,0,0,0,0,0,0,0,0,0,0,0,0
parka,0.23917284338877176,0,0,0,0,0,0,0,0,0,0,0,0,0,0,0,0,0,0
flea,0.23825134951356652,0,0,0,0,0,0,0,0,0,0,0,0,0,0,0,0,0,0
toaster,0.23778235722199026,0,0,0,0,0,0,0,0,0,0,0,0,0,0,0,0,0,0
jeep,0.23727606471584173,0,0,0,0,0,0,0,0,0,0,0,0,0,0,0,0,0,0
knife,0.23609630819635716,0,0,0,0,0,0,0,0,0,0,0,0,0,0,0,0,0,0
basket,0.235462590171013,0,0,0,0,0,0,0,0,0,0,0,0,0,0,0,0,0,0
accordion,0.23513531507711155,0,0,0,0,0,0,0,0,0,0,0,0,0,0,0,0,0,0
flour,0.23497981468096293,0,0,0,0,0,0,0,0,0,0,0,0,0,0,0,0,0,0
nose,0.2338877886570805,0,0,0,0,0,0,0,0,0,0,0,0,0,0,0,0,0,0
bin,0.23383598874130426,0,0,0,0,0,0,0,0,0,0,0,0,0,0,0,0,0,0
rifle,0.23318144976504013,0,0,0,0,0,0,0,0,0,0,0,0,0,0,0,0,0,0
fridge,0.23262246079464688,0,0,0,0,0,0,0,0,0,0,0,0,0,0,0,0,0,0
dove,0.23256427815572878,0,0,0,0,0,0,0,0,0,0,0,0,0,0,0,0,0,0
sock,0.23208022564131675,0,0,0,0,0,0,0,0,0,0,0,0,0,0,0,0,0,0
van,0.23168692178876815,0,0,0,0,0,0,0,0,0,0,0,0,0,0,0,0,0,0
cradle,0.23151103975569862,0,0,0,0,0,0,0,0,0,0,0,0,0,0,0,0,0,0
sandwich,0.23075511023927192,0,0,0,0,0,0,0,0,0,0,0,0,0,0,0,0,0,0
porsche,0.22978148679512528,0,0,0,0,0,0,0,0,0,0,0,0,0,0,0,0,0,0
guitar,0.22972397232778463,0,0,0,0,0,0,0,0,0,0,0,0,0,0,0,0,0,0
bread,0.22941641728155987,0,0,0,0,0,0,0,0,0,0,0,0,0,0,0,0,0,0
coffee,0.22925513669250835,0,0,0,0,0,0,0,0,0,0,0,0,0,0,0,0,0,0
caravan,0.22874132029894756,0,0,0,0,0,0,0,0,0,0,0,0,0,0,0,0,0,0
dinghy,0.22854056821810736,0,0,0,0,0,0,0,0,0,0,0,0,0,0,0,0,0,0
leotard,0.2284095241578632,0,0,0,0,0,0,0,0,0,0,0,0,0,0,0,0,0,0
peg,0.22804083213558854,0,0,0,0,0,0,0,0,0,0,0,0,0,0,0,0,0,0
gate,0.2275760136066512,0,0,0,0,0,0,0,0,0,0,0,0,0,0,0,0,0,0
beer,0.22563578300859732,0,0,0,0,0,0,0,0,0,0,0,0,0,0,0,0,0,0
bacon,0.22400521044972224,0,0,0,0,0,0,0,0,0,0,0,0,0,0,0,0,0,0
ball,0.22294678033181908,0,0,0,0,0,0,0,0,0,0,0,0,0,0,0,0,0,0
puppet,0.22286241693729325,0,0,0,0,0,0,0,0,0,0,0,0,0,0,0,0,0,0
ship,0.22256164865455316,0,0,0,0,0,0,0,0,0,0,0,0,0,0,0,0,0,0
sweater,0.22244717607034473,0,0,0,0,0,0,0,0,0,0,0,0,0,0,0,0,0,0
cupboard,0.22243801437577682,0,0,0,0,0,0,0,0,0,0,0,0,0,0,0,0,0,0
rolls_royce,0.2221697469134723,0,0,0,0,0,0,0,0,0,0,0,0,0,0,0,0,0,0
satchel,0.22177931928010217,0,0,0,0,0,0,0,0,0,0,0,0,0,0,0,0,0,0
bath,0.22148713677842397,0,0,0,0,0,0,0,0,0,0,0,0,0,0,0,0,0,0
sugar,0.22090298977496867,0,0,0,0,0,0,0,0,0,0,0,0,0,0,0,0,0,0
mirror,0.21967036209604301,0,0,0,0,0,0,0,0,0,0,0,0,0,0,0,0,0,0
kettle,0.2192813170865075,0,0,0,0,0,0,0,0,0,0,0,0,0,0,0,0,0,0
table,0.21895232414845456,0,0,0,0,0,0,0,0,0,0,0,0,0,0,0,0,0,0
ring,0.21878965605673367,0,0,0,0,0,0,0,0,0,0,0,0,0,0,0,0,0,0
tobacco,0.2187317135916306,0,0,0,0,0,0,0,0,0,0,0,0,0,0,0,0,0,0
bra,0.2183543512551699,0,0,0,0,0,0,0,0,0,0,0,0,0,0,0,0,0,0
chair,0.21808109940223736,0,0,0,0,0,0,0,0,0,0,0,0,0,0,0,0,0,0
french_horn,0.21798708036380277,0,0,0,0,0,0,0,0,0,0,0,0,0,0,0,0,0,0
pen,0.2179066880961717,0,0,0,0,0,0,0,0,0,0,0,0,0,0,0,0,0,0
needle,0.2173435445621268,0,0,0,0,0,0,0,0,0,0,0,0,0,0,0,0,0,0
ear,0.21715653807057192,0,0,0,0,0,0,0,0,0,0,0,0,0,0,0,0,0,0
clarinet,0.21680864490670096,0,0,0,0,0,0,0,0,0,0,0,0,0,0,0,0,0,0
harmonica,0.21633073376349546,0,0,0,0,0,0,0,0,0,0,0,0,0,0,0,0,0,0
dictionary,0.21628628680582673,0,0,0,0,0,0,0,0,0,0,0,0,0,0,0,0,0,0
car,0.2156533310542213,0,0,0,0,0,0,0,0,0,0,0,0,0,0,0,0,0,0
dishwasher,0.21538490289789353,0,0,0,0,0,0,0,0,0,0,0,0,0,0,0,0,0,0
rake,0.21502406374033017,0,0,0,0,0,0,0,0,0,0,0,0,0,0,0,0,0,0
yoghurt,0.2145758866727701,0,0,0,0,0,0,0,0,0,0,0,0,0,0,0,0,0,0
ice_cream,0.2142636899037495,0,0,0,0,0,0,0,0,0,0,0,0,0,0,0,0,0,0
yoyo,0.21366478679238515,0,0,0,0,0,0,0,0,0,0,0,0,0,0,0,0,0,0
wheel,0.21355541599030353,0,0,0,0,0,0,0,0,0,0,0,0,0,0,0,0,0,0
trousers,0.2128456789263035,0,0,0,0,0,0,0,0,0,0,0,0,0,0,0,0,0,0
seal,0.2127083306647881,0,0,0,0,0,0,0,0,0,0,0,0,0,0,0,0,0,0
bottle,0.212569833511906,0,0,0,0,0,0,0,0,0,0,0,0,0,0,0,0,0,0
hammer,0.21188746532217334,0,0,0,0,0,0,0,0,0,0,0,0,0,0,0,0,0,0
slug,0.2099005529671576,0,0,0,0,0,0,0,0,0,0,0,0,0,0,0,0,0,0
speedboat,0.20958975415726616,0,0,0,0,0,0,0,0,0,0,0,0,0,0,0,0,0,0
toilet,0.20930503298252215,0,0,0,0,0,0,0,0,0,0,0,0,0,0,0,0,0,0
knickers,0.20741572225738591,0,0,0,0,0,0,0,0,0,0,0,0,0,0,0,0,0,0
skirt,0.20678385985660303,0,0,0,0,0,0,0,0,0,0,0,0,0,0,0,0,0,0
ferry,0.20611733509382008,0,0,0,0,0,0,0,0,0,0,0,0,0,0,0,0,0,0
limousine,0.20400398315805543,0,0,0,0,0,0,0,0,0,0,0,0,0,0,0,0,0,0
washing_machine,0.20329994834633217,0,0,0,0,0,0,0,0,0,0,0,0,0,0,0,0,0,0
glue,0.20328304068561742,0,0,0,0,0,0,0,0,0,0,0,0,0,0,0,0,0,0
coin,0.2032365992193525,0,0,0,0,0,0,0,0,0,0,0,0,0,0,0,0,0,0
saxophone,0.2026101012614117,0,0,0,0,0,0,0,0,0,0,0,0,0,0,0,0,0,0
helmet,0.2024382129843294,0,0,0,0,0,0,0,0,0,0,0,0,0,0,0,0,0,0
box,0.2016613431782187,0,0,0,0,0,0,0,0,0,0,0,0,0,0,0,0,0,0
train,0.2016207325506138,0,0,0,0,0,0,0,0,0,0,0,0,0,0,0,0,0,0
yacht,0.1998569157880975,0,0,0,0,0,0,0,0,0,0,0,0,0,0,0,0,0,0
drum,0.1993733778077888,0,0,0,0,0,0,0,0,0,0,0,0,0,0,0,0,0,0
mug,0.19807288326465344,0,0,0,0,0,0,0,0,0,0,0,0,0,0,0,0,0,0
tights,0.19798313287563,0,0,0,0,0,0,0,0,0,0,0,0,0,0,0,0,0,0
gown,0.1968064387738093,0,0,0,0,0,0,0,0,0,0,0,0,0,0,0,0,0,0
boomerang,0.1966141763333798,0,0,0,0,0,0,0,0,0,0,0,0,0,0,0,0,0,0
bench,0.19645449072878027,0,0,0,0,0,0,0,0,0,0,0,0,0,0,0,0,0,0
cup,0.195739950162881,0,0,0,0,0,0,0,0,0,0,0,0,0,0,0,0,0,0
tongs,0.19467734557227878,0,0,0,0,0,0,0,0,0,0,0,0,0,0,0,0,0,0
ruler,0.1941840300350583,0,0,0,0,0,0,0,0,0,0,0,0,0,0,0,0,0,0
canary,0.19400861832852184,0,0,0,0,0,0,0,0,0,0,0,0,0,0,0,0,0,0
barrel,0.19345338394193853,0,0,0,0,0,0,0,0,0,0,0,0,0,0,0,0,0,0
cigarette,0.19306957218353588,0,0,0,0,0,0,0,0,0,0,0,0,0,0,0,0,0,0
pin,0.19171847009313786,0,0,0,0,0,0,0,0,0,0,0,0,0,0,0,0,0,0
plate,0.19133678728114303,0,0,0,0,0,0,0,0,0,0,0,0,0,0,0,0,0,0
thermometer,0.19122951037061353,0,0,0,0,0,0,0,0,0,0,0,0,0,0,0,0,0,0
nail,0.1911794217083774,0,0,0,0,0,0,0,0,0,0,0,0,0,0,0,0,0,0
projector,0.19039542168047735,0,0,0,0,0,0,0,0,0,0,0,0,0,0,0,0,0,0
nail_polish,0.19038152262794733,0,0,0,0,0,0,0,0,0,0,0,0,0,0,0,0,0,0
greeting_card,0.19024227984907832,0,0,0,0,0,0,0,0,0,0,0,0,0,0,0,0,0,0
arm,0.18928383296865442,0,0,0,0,0,0,0,0,0,0,0,0,0,0,0,0,0,0
bowl,0.18819059655419695,0,0,0,0,0,0,0,0,0,0,0,0,0,0,0,0,0,0
pie,0.1879709531757032,0,0,0,0,0,0,0,0,0,0,0,0,0,0,0,0,0,0
lips,0.18752815382614993,0,0,0,0,0,0,0,0,0,0,0,0,0,0,0,0,0,0
comb,0.18701706549193467,0,0,0,0,0,0,0,0,0,0,0,0,0,0,0,0,0,0
jacket,0.18669727274564674,0,0,0,0,0,0,0,0,0,0,0,0,0,0,0,0,0,0
thumb,0.18644425781505206,0,0,0,0,0,0,0,0,0,0,0,0,0,0,0,0,0,0
trumpet,0.1861658307285369,0,0,0,0,0,0,0,0,0,0,0,0,0,0,0,0,0,0
screw,0.1856624664153427,0,0,0,0,0,0,0,0,0,0,0,0,0,0,0,0,0,0
lemonade,0.18453203887003022,0,0,0,0,0,0,0,0,0,0,0,0,0,0,0,0,0,0
bracelet,0.1840655028352345,0,0,0,0,0,0,0,0,0,0,0,0,0,0,0,0,0,0
milk,0.1838360353266028,0,0,0,0,0,0,0,0,0,0,0,0,0,0,0,0,0,0
catapault,0.1832338940388487,0,0,0,0,0,0,0,0,0,0,0,0,0,0,0,0,0,0
swing,0.18299355630231048,0,0,0,0,0,0,0,0,0,0,0,0,0,0,0,0,0,0
shotgun,0.17974469764472822,0,0,0,0,0,0,0,0,0,0,0,0,0,0,0,0,0,0
hook,0.17938767912111994,0,0,0,0,0,0,0,0,0,0,0,0,0,0,0,0,0,0
shoes,0.17891238689424122,0,0,0,0,0,0,0,0,0,0,0,0,0,0,0,0,0,0
blouse,0.17881101743200395,0,0,0,0,0,0,0,0,0,0,0,0,0,0,0,0,0,0
stick,0.17876691866708366,0,0,0,0,0,0,0,0,0,0,0,0,0,0,0,0,0,0
throne,0.17846277506946112,0,0,0,0,0,0,0,0,0,0,0,0,0,0,0,0,0,0
codeine,0.17824011583120586,0,0,0,0,0,0,0,0,0,0,0,0,0,0,0,0,0,0
dress,0.17803532741293165,0,0,0,0,0,0,0,0,0,0,0,0,0,0,0,0,0,0
umbrella,0.1775570437451689,0,0,0,0,0,0,0,0,0,0,0,0,0,0,0,0,0,0
cushion,0.17707858969705426,0,0,0,0,0,0,0,0,0,0,0,0,0,0,0,0,0,0
motorcycle,0.1770150166099526,0,0,0,0,0,0,0,0,0,0,0,0,0,0,0,0,0,0
submarine,0.17677559247209035,0,0,0,0,0,0,0,0,0,0,0,0,0,0,0,0,0,0
buckle,0.1766423305334394,0,0,0,0,0,0,0,0,0,0,0,0,0,0,0,0,0,0
bus,0.17544081395083852,0,0,0,0,0,0,0,0,0,0,0,0,0,0,0,0,0,0
napkin,0.17458578487870122,0,0,0,0,0,0,0,0,0,0,0,0,0,0,0,0,0,0
whistle,0.1724367910217131,0,0,0,0,0,0,0,0,0,0,0,0,0,0,0,0,0,0
shield,0.17164361457729993,0,0,0,0,0,0,0,0,0,0,0,0,0,0,0,0,0,0
flounder,0.17002732500154027,0,0,0,0,0,0,0,0,0,0,0,0,0,0,0,0,0,0
bag,0.16955425051362352,0,0,0,0,0,0,0,0,0,0,0,0,0,0,0,0,0,0
earmuffs,0.16878645904746584,0,0,0,0,0,0,0,0,0,0,0,0,0,0,0,0,0,0
scalpel,0.16841324282586828,0,0,0,0,0,0,0,0,0,0,0,0,0,0,0,0,0,0
dagger,0.1676483000496658,0,0,0,0,0,0,0,0,0,0,0,0,0,0,0,0,0,0
bullet,0.16752971332911643,0,0,0,0,0,0,0,0,0,0,0,0,0,0,0,0,0,0
cloak,0.1672874288745975,0,0,0,0,0,0,0,0,0,0,0,0,0,0,0,0,0,0
spanner,0.16707788833102055,0,0,0,0,0,0,0,0,0,0,0,0,0,0,0,0,0,0
toe,0.16682602046998568,0,0,0,0,0,0,0,0,0,0,0,0,0,0,0,0,0,0
dice,0.16554638466301416,0,0,0,0,0,0,0,0,0,0,0,0,0,0,0,0,0,0
veil,0.16358753510682061,0,0,0,0,0,0,0,0,0,0,0,0,0,0,0,0,0,0
raft,0.16322117011064557,0,0,0,0,0,0,0,0,0,0,0,0,0,0,0,0,0,0
poison,0.1629582984277162,0,0,0,0,0,0,0,0,0,0,0,0,0,0,0,0,0,0
perfume,0.1614873694593167,0,0,0,0,0,0,0,0,0,0,0,0,0,0,0,0,0,0
wetsuit,0.15980745019056966,0,0,0,0,0,0,0,0,0,0,0,0,0,0,0,0,0,0
valium,0.15975160779974482,0,0,0,0,0,0,0,0,0,0,0,0,0,0,0,0,0,0
taxi,0.1589808216542547,0,0,0,0,0,0,0,0,0,0,0,0,0,0,0,0,0,0
finger,0.15804302738947695,0,0,0,0,0,0,0,0,0,0,0,0,0,0,0,0,0,0
encyclopaedia,0.15695858518905678,0,0,0,0,0,0,0,0,0,0,0,0,0,0,0,0,0,0
gloves,0.1566890248820057,0,0,0,0,0,0,0,0,0,0,0,0,0,0,0,0,0,0
bikini,0.15635127957181771,0,0,0,0,0,0,0,0,0,0,0,0,0,0,0,0,0,0
ambulance,0.15607733294767015,0,0,0,0,0,0,0,0,0,0,0,0,0,0,0,0,0,0
rocket,0.1553886267638137,0,0,0,0,0,0,0,0,0,0,0,0,0,0,0,0,0,0
belt,0.15325656617004546,0,0,0,0,0,0,0,0,0,0,0,0,0,0,0,0,0,0
butter,0.15231503590244608,0,0,0,0,0,0,0,0,0,0,0,0,0,0,0,0,0,0
badge,0.1520929637014415,0,0,0,0,0,0,0,0,0,0,0,0,0,0,0,0,0,0
hatchet,0.15162444513028095,0,0,0,0,0,0,0,0,0,0,0,0,0,0,0,0,0,0
gun,0.15124757583501566,0,0,0,0,0,0,0,0,0,0,0,0,0,0,0,0,0,0
clock,0.1505303668500425,0,0,0,0,0,0,0,0,0,0,0,0,0,0,0,0,0,0
anchor,0.1492436214413267,0,0,0,0,0,0,0,0,0,0,0,0,0,0,0,0,0,0
razor,0.14906367724177044,0,0,0,0,0,0,0,0,0,0,0,0,0,0,0,0,0,0
aspirin,0.14896347155545098,0,0,0,0,0,0,0,0,0,0,0,0,0,0,0,0,0,0
football,0.1475010401714962,0,0,0,0,0,0,0,0,0,0,0,0,0,0,0,0,0,0
pistol,0.14598814780678152,0,0,0,0,0,0,0,0,0,0,0,0,0,0,0,0,0,0
ibuprofen,0.1459728156788761,0,0,0,0,0,0,0,0,0,0,0,0,0,0,0,0,0,0
ketchup,0.14590913672265815,0,0,0,0,0,0,0,0,0,0,0,0,0,0,0,0,0,0
jeans,0.14533719517646798,0,0,0,0,0,0,0,0,0,0,0,0,0,0,0,0,0,0
wallet,0.14488377713516085,0,0,0,0,0,0,0,0,0,0,0,0,0,0,0,0,0,0
champagne,0.14473673928288344,0,0,0,0,0,0,0,0,0,0,0,0,0,0,0,0,0,0
tank,0.14423889623091685,0,0,0,0,0,0,0,0,0,0,0,0,0,0,0,0,0,0
gong,0.14279273873462153,0,0,0,0,0,0,0,0,0,0,0,0,0,0,0,0,0,0
blender,0.14274156627199225,0,0,0,0,0,0,0,0,0,0,0,0,0,0,0,0,0,0
syringe,0.142329557284959,0,0,0,0,0,0,0,0,0,0,0,0,0,0,0,0,0,0
lipstick,0.14180217159706335,0,0,0,0,0,0,0,0,0,0,0,0,0,0,0,0,0,0
shirt,0.14075701021210482,0,0,0,0,0,0,0,0,0,0,0,0,0,0,0,0,0,0
mask,0.14004075609297553,0,0,0,0,0,0,0,0,0,0,0,0,0,0,0,0,0,0
cricket,0.1396547459013618,0,0,0,0,0,0,0,0,0,0,0,0,0,0,0,0,0,0
flip_flops,0.1394836791762559,0,0,0,0,0,0,0,0,0,0,0,0,0,0,0,0,0,0
chain,0.1392897277561226,0,0,0,0,0,0,0,0,0,0,0,0,0,0,0,0,0,0
camera,0.13868024801596623,0,0,0,0,0,0,0,0,0,0,0,0,0,0,0,0,0,0
revolver,0.1335583875169715,0,0,0,0,0,0,0,0,0,0,0,0,0,0,0,0,0,0
whisk,0.13084058301470938,0,0,0,0,0,0,0,0,0,0,0,0,0,0,0,0,0,0
microwave,0.12920448564032005,0,0,0,0,0,0,0,0,0,0,0,0,0,0,0,0,0,0
rattle,0.12851009603957878,0,0,0,0,0,0,0,0,0,0,0,0,0,0,0,0,0,0
pamphlet,0.12533289352664734,0,0,0,0,0,0,0,0,0,0,0,0,0,0,0,0,0,0
whip,0.12386947591468231,0,0,0,0,0,0,0,0,0,0,0,0,0,0,0,0,0,0
club,0.12324999028200456,0,0,0,0,0,0,0,0,0,0,0,0,0,0,0,0,0,0
rose,0.12323750623337847,0,0,0,0,0,0,0,0,0,0,0,0,0,0,0,0,0,0
grenade,0.12266306782050615,0,0,0,0,0,0,0,0,0,0,0,0,0,0,0,0,0,0
drill,0.12104350232377147,0,0,0,0,0,0,0,0,0,0,0,0,0,0,0,0,0,0
bomb,0.11989323317811398,0,0,0,0,0,0,0,0,0,0,0,0,0,0,0,0,0,0
eye,0.11932242210606295,0,0,0,0,0,0,0,0,0,0,0,0,0,0,0,0,0,0
clamp,0.1187748064010983,0,0,0,0,0,0,0,0,0,0,0,0,0,0,0,0,0,0
textbook,0.11515015514902763,0,0,0,0,0,0,0,0,0,0,0,0,0,0,0,0,0,0
sink,0.11491979484722498,0,0,0,0,0,0,0,0,0,0,0,0,0,0,0,0,0,0
button,0.11453471248386922,0,0,0,0,0,0,0,0,0,0,0,0,0,0,0,0,0,0
mop,0.11373497535593514,0,0,0,0,0,0,0,0,0,0,0,0,0,0,0,0,0,0
microscope,0.10787282664246299,0,0,0,0,0,0,0,0,0,0,0,0,0,0,0,0,0,0
goggles,0.10486326415287281,0,0,0,0,0,0,0,0,0,0,0,0,0,0,0,0,0,0
coach,0.10473759953862233,0,0,0,0,0,0,0,0,0,0,0,0,0,0,0,0,0,0
cap,0.10455266694696844,0,0,0,0,0,0,0,0,0,0,0,0,0,0,0,0,0,0
newspaper,0.10361729862525479,0,0,0,0,0,0,0,0,0,0,0,0,0,0,0,0,0,0
saw,0.10326004514091408,0,0,0,0,0,0,0,0,0,0,0,0,0,0,0,0,0,0
envelope,0.10126564984014308,0,0,0,0,0,0,0,0,0,0,0,0,0,0,0,0,0,0
recorder,0.09862599275179991,0,0,0,0,0,0,0,0,0,0,0,0,0,0,0,0,0,0
swimsuit,0.09656043199533282,0,0,0,0,0,0,0,0,0,0,0,0,0,0,0,0,0,0
jam,0.08736101590445311,0,0,0,0,0,0,0,0,0,0,0,0,0,0,0,0,0,0
telephone,0.08733286613315475,0,0,0,0,0,0,0,0,0,0,0,0,0,0,0,0,0,0
heart,0.08640148167285688,0,0,0,0,0,0,0,0,0,0,0,0,0,0,0,0,0,0
watch,0.08611640452137251,0,0,0,0,0,0,0,0,0,0,0,0,0,0,0,0,0,0
television,0.056958028695169964,0,0,0,0,0,0,0,0,0,0,0,0,0,0,0,0,0,0
suit,0.04386272310333089,0,0,0,0,0,0,0,0,0,0,0,0,0,0,0,0,0,0
dates,0.02889157338880014,0,0,0,0,0,0,0,0,0,0,0,0,0,0,0,0,0,0
key,-0.011443355737433603,0,0,0,0,0,0,0,0,0,0,0,0,0,0,0,0,0,0
radio,-0.001948816702117634,0,0,0,0,0,0,0,0,0,0,0,0,0,0,0,0,0,0
